[
    {
        "title":"The Murder Mystery,",
         "description:": "OverviewThe Murder House by James Patterson, David Ellis",
         "image": "https://prodimage.imagesbn.com/pimages/9780316339377_p0_v5_s550x406.jpg",
         "price": 500,
         "email": "jaibrospizza@gmail.com",
         "number": "+91-9971205142, 9971204896"
       },
       {
         "title":"The Murder Mystery,",
         "description:": "OverviewThe Murder House by James Patterson, David Ellis",
         "image": "https://prodimage.imagesbn.com/pimages/9780316339377_p0_v5_s550x406.jpg",
         "price": 500,
         "email": "jaibrospizza@gmail.com",
          "number": "+91-9971205142, 9971204896"
        }
  ]