<?xml version="1.0"?>
<!DOCTYPE hibernate-mapping PUBLIC "-//Hibernate/Hibernate Mapping DTD 3.0//EN"
"http://hibernate.sourceforge.net/hibernate-mapping-3.0.dtd">

<hibernate-mapping>
    <class name="com.cognizant.pace.model.OPBusinessArea" table="OP_BUSINESS_AREA" catalog="onepace">
        <id name="id" type="java.lang.Integer">
            <column name="ID" />
            <generator class="identity" />
        </id>
        <property name="busAreaName" type="string">
            <column name="NAME" length="45" not-null="true" unique="false" />
        </property>
		<property name="busDomId" type="java.lang.Integer">
            <column name="BUSDOMAIN_ID" not-null="true" unique="false" />
        </property>
    </class>
</hibernate-mapping>