<?xml version="1.0"?>
<!DOCTYPE hibernate-mapping PUBLIC "-//Hibernate/Hibernate Mapping DTD 3.0//EN"
"http://hibernate.sourceforge.net/hibernate-mapping-3.0.dtd">

<hibernate-mapping>
    <class name="com.cognizant.pace.model.OPBusinessTransaction" table="OP_BUSTRANSACTIONS" catalog="onepace_nfr">
        <id name="id" type="java.lang.Integer">
            <column name="ID" />
            <generator class="identity" />
        </id>
        <property name="name" type="string">
            <column name="NAME" length="45" not-null="true" unique="false" />
        </property>
		<property name="scenarioid" type="java.lang.Integer">
            <column name="SCENARIO_ID" not-null="true" unique="false" />
        </property>
		<property name="responsetime" type="java.lang.Float">
            <column name="RESPTIME" not-null="false" unique="false" />
        </property>
		<property name="throughput" type="java.lang.Integer">
            <column name="THROUGHPUT" not-null="false" unique="false" />
        </property>
		<property name="applicationid" type="string">
            <column name="APPLICATION_ID" length="45" not-null="false" unique="false" />
        </property>
		<property name="applicationname" type="string">
            <column name="APPLICATION_NAME" length="45" not-null="false" unique="false" />
        </property>
    </class>
</hibernate-mapping>