[{
    "title":"The Murder Mystery,",
     "description:": "OverviewThe Murder House by James Patterson, David Ellis",
     "image": "https://prodimage.images-bn.com/pimages/9780316273978_p0_v3_s550x406.jpg",
     "price": 500,
     "email": "jaibrospizza@gmail.com",
     "number": "+91-9971205142, 9971204896"
   },
   {
     "title":"The Murder Mystery,",
     "description:": "OverviewThe Murder House by James Patterson, David Ellis",
     "image": "https://prodimage.images-bn.com/pimages/9780316273978_p0_v3_s550x406.jpg",
     "price": 500,
     "email": "jaibrospizza@gmail.com",
      "number": "+91-9971205142, 9971204896"
    },
    {
      "title":"The Murder Mystery,",
      "description:": "OverviewThe Murder House by James Patterson, David Ellis",
      "image": "https://prodimage.images-bn.com/pimages/9780316273978_p0_v3_s550x406.jpg",
      "price": 500,
      "email": "jaibrospizza@gmail.com",
       "number": "+91-9971205142, 9971204896"
     },
     {
       "title":"The Murder Mystery,",
       "description:": "OverviewThe Murder House by James Patterson, David Ellis",
       "image": "https://prodimage.images-bn.com/pimages/9780316273978_p0_v3_s550x406.jpg",
       "price": 500,
       "email": "jaibrospizza@gmail.com",
        "number": "+91-9971205142, 9971204896"
      },
      {
        "title":"The Murder Mystery,",
        "description:": "OverviewThe Murder House by James Patterson, David Ellis",
        "image": "https://prodimage.images-bn.com/pimages/9780316273978_p0_v3_s550x406.jpg",
        "price": 500,
        "email": "jaibrospizza@gmail.com",
         "number": "+91-9971205142, 9971204896"
       },
       {
         "title":"The Murder Mystery,",
         "description:": "OverviewThe Murder House by James Patterson, David Ellis",
         "image": "https://prodimage.images-bn.com/pimages/9780316273978_p0_v3_s550x406.jpg",
         "price": 500,
         "email": "jaibrospizza@gmail.com",
          "number": "+91-9971205142, 9971204896"
        }
 ]