[
    {
    "categories":"Mobiles,Computers",
    "sub":["Mobiles","Mobile Accessories","Power Banks"]
    },
    {
        "categories":"Mobiles,Computers",
        "sub":["Mobiles","Mobile Accessories","Power Banks"]
        },
        {
            "categories":"Mobiles,Computers",
            "sub":["Mobiles","Mobile Accessories","Power Banks"]
            },
            {
                "categories":"Mobiles,Computers",
                "sub":["Mobiles","Mobile Accessories","Power Banks"]
                },
                {
                    "categories":"Mobiles,Computers",
                    "sub":["Mobiles","Mobile Accessories","Power Banks"]
                    },
                    {
                        "categories":"Mobiles,Computers",
                        "sub":["Mobiles","Mobile Accessories"]
                        }
]