<?xml version="1.0"?>
<!DOCTYPE hibernate-mapping PUBLIC "-//Hibernate/Hibernate Mapping DTD 3.0//EN"
"http://hibernate.sourceforge.net/hibernate-mapping-3.0.dtd">

<hibernate-mapping>
    <class name="com.cognizant.pace.model.OPBusinessScenario" table="OP_BUSINESS_SCENARIO" catalog="onepace_nfr">
        <id name="id" type="java.lang.Integer">
            <column name="ID" />
            <generator class="identity" />
        </id>
        <property name="name" type="string">
            <column name="NAME" length="45" not-null="true" unique="false" />
        </property>
		<property name="busareaid" type="java.lang.Integer">
            <column name="BUSAREA_ID" not-null="true" unique="false" />
        </property>
		<property name="scenariotime" type="java.lang.Float">
            <column name="SCENARIOTIME" not-null="false" unique="false" />
        </property>
		<property name="throughput" type="java.lang.Integer">
            <column name="THROUGHPUT" not-null="false" unique="false" />
        </property>
    </class>
</hibernate-mapping>