[
  {
    "emailId": "john1@email.com",
    "userDetails": {
      "firstName": "John",
      "lastName": "Doe",
      "userType": "Patient",
      "address": [
        {
          "street": "1st St.",
          "city": "NYC",
          "state": "NY",
          "zip": 98765
        },
        {
          "street": "Broadway",
          "city": "Boston",
          "state": "MA",
          "zip": 67665
        }
      ],
      "paymentInfo": [
        {
          "paymentType": "CreditCard",
          "PaymentDetails": {
            "cardNumber": 9886876525841256,
            "nameOnCard": "John F Doe",
            "expiry": "12/22"
          }
        },
        {
          "paymentType": "BankAccount",
          "PaymentDetails": {
            "AccountNubmer": 987678383,
            "AccountCode": 435
          }
        }
      ]
    }
  }
]