{
  "posts": [
    {
      "domain": "Rishabh",
      "id": 1
    },
    {
      "domain": "Banking",
      "id": 2
    },
    {
      "domain": "LifeScience",
      "id": 3
    },
    {
      "domain": "BFS",
      "id": 4
    },
    {
      "domain": "Pace",
      "id": 5
    },
    {
      "domain": "Check",
      "id": 6
    },
    {
      "domain": "Risha",
      "id": 7
    },
    {
      "domain": "Test",
      "id": 8
    }
  ],
  "profile": [
    {
      "domain": [
        "Mobilesccc",
        "Mobile Accessories",
        "Power Banks",
        "Mobiles222",
        "Mobile Accessories222",
        "Power Banks2222"
      ],
      "id": 1
    },
    {
      "domain": [
        "Mobiles",
        "Mobile Accessories",
        "Power Banks"
      ],
      "id": 2
    },
    {
      "domain": [
        "Mobiles",
        "Mobile Accessories",
        "Power Banks"
      ],
      "id": 3
    },
    {
      "domain": [
        "Mobiles",
        "Mobile Accessories",
        "Power Banks"
      ],
      "id": 4
    },
    {
      "domain": [
        "Mobiles",
        "Mobile Accessories",
        "Power Banks"
      ],
      "id": 5
    },
    {
      "domain": [
        "Mobiles",
        "Mobile Accessories",
        "Power Banks"
      ],
      "id": 6
    },
    {
      "domain": [
        "Mobiles",
        "Mobile Accessories",
        "Power Banks"
      ],
      "id": 7
    }
  ]
}